PAYMENT_METHOD_TYPE;TRANSACTION_TYPE;TRANSACTION_AMOUNT;TRANSACTION_DATE;FEE_AMOUNT;SETTLEMENT_NET_AMOUNT;REAL_AMOUNT;TAXES_AMOUNT;BUSINESS_UNIT;SUB_UNIT;SALE_DETAIL;CATEGORY;SUBCATEGORY;MONTO_GASTADO
available_money;SETTLEMENT;-26000.00;2025-03-01T11:54:53.000-03:00;0.00;-26000.00;-26000.00;0.00;Mercado Pago;Debit Card;Los agustinos;Consumo Personal;Viaje;26000.00
available_money;SETTLEMENT;-3310.93;2025-03-23T15:10:24.000-03:00;-884.21;-4956.66;-4956.66;-761.52;Mercado Pago;Debit Card;Spotify;Suscripción;Spotify;4956.66
available_money;SETTLEMENT;-2132.27;2025-03-25T09:48:18.000-03:00;-569.45;-3192.15;-3192.15;-490.43;Mercado Pago;Debit Card;Google *google one;Suscripción;Google;3192.15
available_money;SETTLEMENT;-158030.40;2025-04-28T09:54:56.000-03:00;0.00;-158030.40;-158030.40;0.00;Mercado Libre;Debit Card;Aperitivo Fernet Branca Caja X 12;Consumo Personal;Personal;158030.40
available_money;SETTLEMENT;-95375.28;2025-03-28T15:01:30.000-03:00;0.00;-95375.28;-95375.28;0.00;Mercado Pago;Debit Card;Flybondi;Consumo Personal;Viaje;95375.28
available_money;SETTLEMENT;-35000.00;2025-08-15T12:22:34.000-03:00;0.00;-35000.00;-35000.00;0.00;Mercado Pago;Checkouts;BIANCHI BAJA;Consumo Personal;Velez Sarsfield;35000.00
available_money;SETTLEMENT;-35000.00;2025-09-10T00:35:09.000-03:00;0.00;-35000.00;-35000.00;0.00;Mercado Pago;Checkouts;BIANCHI BAJA;Consumo Personal;Velez Sarsfield;35000.00
available_money;SETTLEMENT;-9039.81;2025-12-21T08:02:56.000-03:00;0.00;-9039.81;-9039.81;0.00;Mercado Pago;Checkouts;Cabify 2551q3d1t9vD;Consumo Personal;Transporte;9039.81
available_money;SETTLEMENT;-47420.00;2025-10-14T10:48:04.000-03:00;0.00;-47420.00;-47420.00;0.00;Mercado Libre;Debit Card;Cafe Tostado Molido;Consumo Personal;Personal;47420.00
available_money;SETTLEMENT;-5500.00;2025-04-03T22:07:37.000-03:00;0.00;-5500.00;-5500.00;0.00;Mercado Pago;Debit Card;Cremolatti;Consumo Personal;Salidas;5500.00
available_money;SETTLEMENT;-43600.00;2025-04-07T22:18:41.000-03:00;0.00;-43600.00;-43600.00;0.00;Mercado Pago;Debit Card;Bar jose ingenieros;Consumo Personal;Salidas;43600.00
available_money;SETTLEMENT;-7500.00;2025-04-07T22:36:50.000-03:00;0.00;-7500.00;-7500.00;0.00;Mercado Pago;Debit Card;Lucciano s;Consumo Personal;Salidas;7500.00
available_money;SETTLEMENT;-7500.00;2025-04-15T14:00:57.000-03:00;0.00;-7500.00;-7500.00;0.00;Mercado Pago;Debit Card;Merpago*naturity;Consumo Personal;Comida;7500.00
available_money;SETTLEMENT;-8930.00;2025-04-16T14:09:04.000-03:00;0.00;-8930.00;-8930.00;0.00;Mercado Pago;Debit Card;Compania de golosinas;Consumo Personal;Kiosco;8930.00
available_money;SETTLEMENT;-8500.00;2025-04-20T16:36:51.000-03:00;0.00;-8500.00;-8500.00;0.00;Mercado Pago;Debit Card;Wapa   *cielito;Consumo Personal;Salidas;8500.00
available_money;SETTLEMENT;-3323.04;2025-04-23T15:10:26.000-03:00;-267.29;-4354.63;-4354.63;-764.30;Mercado Pago;Debit Card;Spotify;Suscripción;Spotify;4354.63
available_money;SETTLEMENT;-4500.00;2025-09-06T20:35:55.000-03:00;0.00;-4500.00;-4500.00;0.00;Mercado Pago;QR;COBRO MERCADO PAGO;Consumo Personal;Farmacia e Higiene;4500.00
available_money;SETTLEMENT;-14000.00;2025-04-24T23:06:34.000-03:00;0.00;-14000.00;-14000.00;0.00;Mercado Pago;Debit Card;Uala   *maria del rosa;Consumo Personal;Salidas;14000.00
available_money;SETTLEMENT;-2336.25;2025-04-25T09:48:19.000-03:00;-93.81;-2967.40;-2967.40;-537.34;Mercado Pago;Debit Card;Google *google one;Suscripción;Google;2967.40
available_money;SETTLEMENT;-70004.60;2025-10-02T13:53:56.000-03:00;0.00;-70004.60;-70004.60;0.00;Mercado Pago;QR;Compra en Carrefour - Suc. 211;Consumo Personal;Supermercado;70004.60
available_money;SETTLEMENT;-13477.00;2025-10-04T17:16:00.000-03:00;0.00;-13477.00;-13477.00;0.00;Mercado Pago;QR;Compra en Carrefour - Suc. 226;Consumo Personal;Supermercado;13477.00
available_money;SETTLEMENT;-35336.30;2026-02-14T20:26:13.000-03:00;0.00;-35336.30;-35336.30;0.00;Mercado Pago;QR;Compra en SAIEP;Consumo Personal;Viaje;35336.30
available_money;SETTLEMENT;-7500.00;2025-04-29T12:36:06.000-03:00;0.00;-7500.00;-7500.00;0.00;Mercado Pago;Debit Card;Merpago*naturity;Consumo Personal;Comida;7500.00
available_money;SETTLEMENT;-300.00;2025-04-29T18:35:48.000-03:00;0.00;-300.00;-300.00;0.00;Mercado Pago;Debit Card;Merpago*chaffito;Consumo Personal;Salidas;300.00
available_money;SETTLEMENT;-17600.00;2025-03-31T15:31:13.000-03:00;0.00;-17600.00;-17600.00;0.00;Mercado Pago;Checkouts;CUP  C 00001-11775447;Consumo Personal;Velez Sarsfield;17600.00
available_money;SETTLEMENT;-57600.00;2025-07-14T09:57:30.000-03:00;0.00;-57600.00;-57600.00;0.00;Mercado Pago;Checkouts;CUP  C 00001-11832049 + 2 Item adicional;Consumo Personal;Velez Sarsfield;57600.00
available_money;SETTLEMENT;-20000.00;2025-08-15T12:21:55.000-03:00;0.00;-20000.00;-20000.00;0.00;Mercado Pago;Checkouts;CUP  C 00001-11996181;Consumo Personal;Velez Sarsfield;20000.00
available_money;SETTLEMENT;-20000.00;2025-09-29T14:08:40.000-03:00;0.00;-20000.00;-20000.00;0.00;Mercado Pago;Checkouts;CUP  C 00001-12052155;Consumo Personal;Velez Sarsfield;20000.00
available_money;SETTLEMENT;-21500.00;2025-10-11T18:19:06.000-03:00;0.00;-21500.00;-21500.00;0.00;Mercado Pago;Checkouts;CUP  C 00001-12107977;Consumo Personal;Velez Sarsfield;21500.00
available_money;SETTLEMENT;-21500.00;2025-11-15T20:12:11.000-03:00;0.00;-21500.00;-21500.00;0.00;Mercado Pago;Checkouts;CUP  C 00001-12164015;Consumo Personal;Velez Sarsfield;21500.00
available_money;SETTLEMENT;-47000.00;2026-01-24T13:58:01.000-03:00;0.00;-47000.00;-47000.00;0.00;Mercado Pago;Checkouts;CUP  C 00001-12276627 + 1 Item adicional;Consumo Personal;Velez Sarsfield;47000.00
available_money;SETTLEMENT;-25500.00;2026-02-25T15:01:41.000-03:00;0.00;-25500.00;-25500.00;0.00;Mercado Pago;Checkouts;CUP  C 00001-12390044;Consumo Personal;Velez Sarsfield;25500.00
available_money;SETTLEMENT;-5700.00;2025-04-30T22:50:23.000-03:00;0.00;-5700.00;-5700.00;0.00;Mercado Pago;Debit Card;Heladeria cr martinez;Consumo Personal;Salidas;5700.00
available_money;SETTLEMENT;-15500.00;2025-05-02T18:21:20.000-03:00;0.00;-15500.00;-15500.00;0.00;Mercado Pago;Debit Card;Merpago*atavolacafe;Consumo Personal;Salidas;15500.00
available_money;SETTLEMENT;-46000.00;2025-05-03T22:31:34.000-03:00;0.00;-46000.00;-46000.00;0.00;Mercado Pago;Debit Card;Merpago*laviejaesquina;Consumo Personal;Viaje;46000.00
available_money;SETTLEMENT;-7500.00;2025-05-08T13:31:31.000-03:00;0.00;-7500.00;-7500.00;0.00;Mercado Pago;Debit Card;Merpago*naturity;Consumo Personal;Comida;7500.00
available_money;SETTLEMENT;-7500.00;2025-05-13T13:00:27.000-03:00;0.00;-7500.00;-7500.00;0.00;Mercado Pago;Debit Card;Merpago*naturity;Consumo Personal;Comida;7500.00
available_money;SETTLEMENT;-1112.00;2025-10-01T17:09:59.000-03:00;0.00;-1112.00;-1112.00;0.00;Mercado Pago;Mobile NFC;Emova subte;Transporte;Subte;1112.00
available_money;SETTLEMENT;-1112.00;2025-10-17T14:35:55.000-03:00;0.00;-1112.00;-1112.00;0.00;Mercado Pago;Mobile NFC;Emova subte;Transporte;Subte;1112.00
available_money;SETTLEMENT;-1112.00;2025-10-28T08:56:26.000-03:00;0.00;-1112.00;-1112.00;0.00;Mercado Pago;Mobile NFC;Emova subte;Transporte;Subte;1112.00
available_money;SETTLEMENT;-1112.00;2025-10-28T18:15:17.000-03:00;0.00;-1112.00;-1112.00;0.00;Mercado Pago;Mobile NFC;Emova subte;Transporte;Subte;1112.00
available_money;SETTLEMENT;-1112.00;2025-10-30T18:32:26.000-03:00;0.00;-1112.00;-1112.00;0.00;Mercado Pago;Mobile NFC;Emova subte;Transporte;Subte;1112.00
available_money;SETTLEMENT;-1157.00;2025-11-04T09:09:39.000-03:00;0.00;-1157.00;-1157.00;0.00;Mercado Pago;Mobile NFC;Emova subte;Transporte;Subte;1157.00
available_money;SETTLEMENT;-1157.00;2025-11-04T18:12:06.000-03:00;0.00;-1157.00;-1157.00;0.00;Mercado Pago;Mobile NFC;Emova subte;Transporte;Subte;1157.00
available_money;SETTLEMENT;-1157.00;2025-11-07T08:59:52.000-03:00;0.00;-1157.00;-1157.00;0.00;Mercado Pago;Mobile NFC;Emova subte;Transporte;Subte;1157.00
available_money;SETTLEMENT;-1157.00;2025-11-07T21:35:48.000-03:00;0.00;-1157.00;-1157.00;0.00;Mercado Pago;Mobile NFC;Emova subte;Transporte;Subte;1157.00
available_money;SETTLEMENT;-1157.00;2025-11-08T08:34:21.000-03:00;0.00;-1157.00;-1157.00;0.00;Mercado Pago;Mobile NFC;Emova subte;Transporte;Subte;1157.00
available_money;SETTLEMENT;-1157.00;2025-11-08T12:13:38.000-03:00;0.00;-1157.00;-1157.00;0.00;Mercado Pago;Mobile NFC;Emova subte;Transporte;Subte;1157.00
available_money;SETTLEMENT;-1157.00;2025-11-11T09:08:17.000-03:00;0.00;-1157.00;-1157.00;0.00;Mercado Pago;Mobile NFC;Emova subte;Transporte;Subte;1157.00
available_money;SETTLEMENT;-1157.00;2025-11-11T18:18:19.000-03:00;0.00;-1157.00;-1157.00;0.00;Mercado Pago;Mobile NFC;Emova subte;Transporte;Subte;1157.00
available_money;SETTLEMENT;-1157.00;2025-11-13T09:12:58.000-03:00;0.00;-1157.00;-1157.00;0.00;Mercado Pago;Mobile NFC;Emova subte;Transporte;Subte;1157.00
available_money;SETTLEMENT;-1157.00;2025-11-14T14:18:30.000-03:00;0.00;-1157.00;-1157.00;0.00;Mercado Pago;Mobile NFC;Emova subte;Transporte;Subte;1157.00
available_money;SETTLEMENT;-1157.00;2025-11-14T21:24:49.000-03:00;0.00;-1157.00;-1157.00;0.00;Mercado Pago;Mobile NFC;Emova subte;Transporte;Subte;1157.00
available_money;SETTLEMENT;-1157.00;2025-11-15T09:04:46.000-03:00;0.00;-1157.00;-1157.00;0.00;Mercado Pago;Mobile NFC;Emova subte;Transporte;Subte;1157.00
available_money;SETTLEMENT;-1157.00;2025-11-15T13:14:58.000-03:00;0.00;-1157.00;-1157.00;0.00;Mercado Pago;Mobile NFC;Emova subte;Transporte;Subte;1157.00
available_money;SETTLEMENT;-1157.00;2025-11-18T09:08:49.000-03:00;0.00;-1157.00;-1157.00;0.00;Mercado Pago;Mobile NFC;Emova subte;Transporte;Subte;1157.00
available_money;SETTLEMENT;-1157.00;2025-11-18T18:00:44.000-03:00;0.00;-1157.00;-1157.00;0.00;Mercado Pago;Mobile NFC;Emova subte;Transporte;Subte;1157.00
available_money;SETTLEMENT;-1157.00;2025-11-19T09:07:27.000-03:00;0.00;-1157.00;-1157.00;0.00;Mercado Pago;Mobile NFC;Emova subte;Transporte;Subte;1157.00
available_money;SETTLEMENT;-1157.00;2025-11-19T18:17:06.000-03:00;0.00;-1157.00;-1157.00;0.00;Mercado Pago;Mobile NFC;Emova subte;Transporte;Subte;1157.00
available_money;SETTLEMENT;-1157.00;2025-11-25T08:56:39.000-03:00;0.00;-1157.00;-1157.00;0.00;Mercado Pago;Mobile NFC;Emova subte;Transporte;Subte;1157.00
available_money;SETTLEMENT;-1157.00;2025-11-25T18:18:20.000-03:00;0.00;-1157.00;-1157.00;0.00;Mercado Pago;Mobile NFC;Emova subte;Transporte;Subte;1157.00
available_money;SETTLEMENT;-1157.00;2025-11-28T08:59:55.000-03:00;0.00;-1157.00;-1157.00;0.00;Mercado Pago;Mobile NFC;Emova subte;Transporte;Subte;1157.00
available_money;SETTLEMENT;-925.60;2025-11-28T17:30:45.000-03:00;0.00;-925.60;-925.60;0.00;Mercado Pago;Mobile NFC;Emova subte;Transporte;Subte;925.60
available_money;SETTLEMENT;-925.60;2025-11-29T08:58:47.000-03:00;0.00;-925.60;-925.60;0.00;Mercado Pago;Mobile NFC;Emova subte;Transporte;Subte;925.60
available_money;SETTLEMENT;-925.60;2025-11-29T13:17:43.000-03:00;0.00;-925.60;-925.60;0.00;Mercado Pago;Mobile NFC;Emova subte;Transporte;Subte;925.60
available_money;SETTLEMENT;-1206.00;2025-12-02T08:57:46.000-03:00;0.00;-1206.00;-1206.00;0.00;Mercado Pago;Mobile NFC;Emova subte;Transporte;Subte;1206.00
available_money;SETTLEMENT;-1206.00;2025-12-02T18:17:08.000-03:00;0.00;-1206.00;-1206.00;0.00;Mercado Pago;Mobile NFC;Emova subte;Transporte;Subte;1206.00
available_money;SETTLEMENT;-1206.00;2025-12-04T09:07:09.000-03:00;0.00;-1206.00;-1206.00;0.00;Mercado Pago;Mobile NFC;Emova subte;Transporte;Subte;1206.00
available_money;SETTLEMENT;-1206.00;2025-12-05T09:05:47.000-03:00;0.00;-1206.00;-1206.00;0.00;Mercado Pago;Mobile NFC;Emova subte;Transporte;Subte;1206.00
available_money;SETTLEMENT;-1206.00;2025-12-05T17:33:23.000-03:00;0.00;-1206.00;-1206.00;0.00;Mercado Pago;Mobile NFC;Emova subte;Transporte;Subte;1206.00
available_money;SETTLEMENT;-1206.00;2025-12-05T21:26:19.000-03:00;0.00;-1206.00;-1206.00;0.00;Mercado Pago;Mobile NFC;Emova subte;Transporte;Subte;1206.00
available_money;SETTLEMENT;-1206.00;2025-12-06T09:04:54.000-03:00;0.00;-1206.00;-1206.00;0.00;Mercado Pago;Mobile NFC;Emova subte;Transporte;Subte;1206.00
available_money;SETTLEMENT;-1206.00;2025-12-06T13:04:26.000-03:00;0.00;-1206.00;-1206.00;0.00;Mercado Pago;Mobile NFC;Emova subte;Transporte;Subte;1206.00
available_money;SETTLEMENT;-1206.00;2025-12-10T08:21:23.000-03:00;0.00;-1206.00;-1206.00;0.00;Mercado Pago;Mobile NFC;Emova subte;Transporte;Subte;1206.00
available_money;SETTLEMENT;-1206.00;2025-12-10T17:35:05.000-03:00;0.00;-1206.00;-1206.00;0.00;Mercado Pago;Mobile NFC;Emova subte;Transporte;Subte;1206.00
available_money;SETTLEMENT;-1206.00;2025-12-11T09:06:48.000-03:00;0.00;-1206.00;-1206.00;0.00;Mercado Pago;Wallet;Emova subte;Transporte;Subte;1206.00
available_money;SETTLEMENT;-1206.00;2025-12-11T19:15:09.000-03:00;0.00;-1206.00;-1206.00;0.00;Mercado Pago;Wallet;Emova subte;Transporte;Subte;1206.00
available_money;SETTLEMENT;-1206.00;2025-12-12T16:53:08.000-03:00;0.00;-1206.00;-1206.00;0.00;Mercado Pago;Wallet;Emova subte;Transporte;Subte;1206.00
available_money;SETTLEMENT;-1206.00;2025-12-12T17:29:16.000-03:00;0.00;-1206.00;-1206.00;0.00;Mercado Pago;Mobile NFC;Emova subte;Transporte;Subte;1206.00
available_money;SETTLEMENT;-1206.00;2025-12-12T21:24:32.000-03:00;0.00;-1206.00;-1206.00;0.00;Mercado Pago;Mobile NFC;Emova subte;Transporte;Subte;1206.00
available_money;SETTLEMENT;-1206.00;2025-12-13T09:17:59.000-03:00;0.00;-1206.00;-1206.00;0.00;Mercado Pago;Wallet;Emova subte;Transporte;Subte;1206.00
available_money;SETTLEMENT;-1206.00;2025-12-13T11:38:28.000-03:00;0.00;-1206.00;-1206.00;0.00;Mercado Pago;Wallet;Emova subte;Transporte;Subte;1206.00
available_money;SETTLEMENT;-1206.00;2025-12-16T09:08:48.000-03:00;0.00;-1206.00;-1206.00;0.00;Mercado Pago;Mobile NFC;Emova subte;Transporte;Subte;1206.00
available_money;SETTLEMENT;-1206.00;2025-12-16T18:06:35.000-03:00;0.00;-1206.00;-1206.00;0.00;Mercado Pago;Mobile NFC;Emova subte;Transporte;Subte;1206.00
available_money;SETTLEMENT;-1206.00;2025-12-17T14:02:20.000-03:00;0.00;-1206.00;-1206.00;0.00;Mercado Pago;Mobile NFC;Emova subte;Transporte;Subte;1206.00
available_money;SETTLEMENT;-1206.00;2025-12-17T19:58:10.000-03:00;0.00;-1206.00;-1206.00;0.00;Mercado Pago;Mobile NFC;Emova subte;Transporte;Subte;1206.00
available_money;SETTLEMENT;-1206.00;2025-12-18T09:24:57.000-03:00;0.00;-1206.00;-1206.00;0.00;Mercado Pago;Mobile NFC;Emova subte;Transporte;Subte;1206.00
available_money;SETTLEMENT;-1206.00;2025-12-18T18:25:54.000-03:00;0.00;-1206.00;-1206.00;0.00;Mercado Pago;Mobile NFC;Emova subte;Transporte;Subte;1206.00
available_money;SETTLEMENT;-1206.00;2025-12-23T09:11:55.000-03:00;0.00;-1206.00;-1206.00;0.00;Mercado Pago;Mobile NFC;Emova subte;Transporte;Subte;1206.00
available_money;SETTLEMENT;-1206.00;2025-12-23T18:18:25.000-03:00;0.00;-1206.00;-1206.00;0.00;Mercado Pago;Mobile NFC;Emova subte;Transporte;Subte;1206.00
available_money;SETTLEMENT;-22000.00;2025-05-14T14:02:06.000-03:00;0.00;-22000.00;-22000.00;0.00;Mercado Pago;Debit Card;Sol y luna;Consumo Personal;Auto;22000.00
available_money;SETTLEMENT;-45200.00;2025-05-15T22:52:03.000-03:00;0.00;-45200.00;-45200.00;0.00;Mercado Pago;Debit Card;Restaurante la sarita;Consumo Personal;Salidas;45200.00
available_money;SETTLEMENT;-7500.00;2025-05-15T23:14:35.000-03:00;0.00;-7500.00;-7500.00;0.00;Mercado Pago;Debit Card;Merpago*ilpeccato;Consumo Personal;Comida;7500.00
available_money;SETTLEMENT;-1400.00;2025-05-21T15:10:01.000-03:00;0.00;-1400.00;-1400.00;0.00;Mercado Pago;Debit Card;Merpago*tommysshop;Consumo Personal;Comida;1400.00
available_money;SETTLEMENT;-3281.58;2025-05-23T15:10:28.000-03:00;-135.04;-4171.38;-4171.38;-754.76;Mercado Pago;Debit Card;Spotify;Suscripción;Spotify;4171.38
available_money;SETTLEMENT;-26700.00;2025-05-24T13:48:05.000-03:00;0.00;-26700.00;-26700.00;0.00;Mercado Pago;Debit Card;Deliclub;Consumo Personal;Salidas;26700.00
available_money;SETTLEMENT;-7100.00;2025-05-24T14:03:58.000-03:00;0.00;-7100.00;-7100.00;0.00;Mercado Pago;Debit Card;Merpago*lagolotienda;Consumo Personal;Kiosco;7100.00
available_money;SETTLEMENT;-8995.00;2025-05-24T14:10:16.000-03:00;0.00;-8995.00;-8995.00;0.00;Mercado Pago;Debit Card;Merpago*newgarden;Consumo Personal;Comida;8995.00
available_money;SETTLEMENT;-2255.66;2025-05-25T09:48:18.000-03:00;-76.26;-2850.72;-2850.72;-518.80;Mercado Pago;Debit Card;Google *google one;Suscripción;Google;2850.72
available_money;SETTLEMENT;-4900.00;2025-05-26T09:34:02.000-03:00;0.00;-4900.00;-4900.00;0.00;Mercado Pago;Debit Card;Estacion 59 sa;Consumo Personal;Kiosco;4900.00
available_money;SETTLEMENT;-7500.00;2025-05-28T12:33:07.000-03:00;0.00;-7500.00;-7500.00;0.00;Mercado Pago;Debit Card;Merpago*naturity;Consumo Personal;Comida;7500.00
available_money;SETTLEMENT;-7500.00;2025-05-29T13:22:44.000-03:00;0.00;-7500.00;-7500.00;0.00;Mercado Pago;Debit Card;Merpago*naturity;Consumo Personal;Comida;7500.00
available_money;SETTLEMENT;-9200.00;2025-05-30T12:47:16.000-03:00;0.00;-9200.00;-9200.00;0.00;Mercado Pago;Debit Card;Merpago*naturity;Consumo Personal;Comida;9200.00
available_money;SETTLEMENT;-12000.00;2025-05-31T16:03:57.000-03:00;0.00;-12000.00;-12000.00;0.00;Mercado Pago;Debit Card;Panaderias el sol de m;Consumo Personal;Salidas;12000.00
available_money;SETTLEMENT;-7500.00;2025-06-05T13:13:20.000-03:00;0.00;-7500.00;-7500.00;0.00;Mercado Pago;Debit Card;Merpago*naturity;Consumo Personal;Comida;7500.00
available_money;SETTLEMENT;-1000.00;2025-06-05T18:55:02.000-03:00;0.00;-1000.00;-1000.00;0.00;Mercado Pago;Debit Card;Merpago*chaffito;Consumo Personal;Salidas;1000.00
available_money;SETTLEMENT;-41650.00;2025-06-05T22:37:08.000-03:00;0.00;-41650.00;-41650.00;0.00;Mercado Pago;Debit Card;Merpago*desubicado;Consumo Personal;Salidas;41650.00
available_money;SETTLEMENT;-7500.00;2025-06-06T13:39:15.000-03:00;0.00;-7500.00;-7500.00;0.00;Mercado Pago;Debit Card;Merpago*naturity;Consumo Personal;Comida;7500.00
available_money;SETTLEMENT;-1400.00;2025-06-06T13:41:52.000-03:00;0.00;-1400.00;-1400.00;0.00;Mercado Pago;Debit Card;Merpago*naturity;Consumo Personal;Comida;1400.00
available_money;SETTLEMENT;-13600.00;2025-06-08T20:04:16.000-03:00;0.00;-13600.00;-13600.00;0.00;Mercado Pago;Debit Card;Le ble acasusso 2;Consumo Personal;Salidas;13600.00
available_money;SETTLEMENT;-8200.00;2025-06-09T14:01:20.000-03:00;0.00;-8200.00;-8200.00;0.00;Mercado Pago;Debit Card;Merpago*naturity;Consumo Personal;Comida;8200.00
available_money;SETTLEMENT;-7500.00;2025-06-11T14:18:15.000-03:00;0.00;-7500.00;-7500.00;0.00;Mercado Pago;Debit Card;Merpago*naturity;Consumo Personal;Comida;7500.00
available_money;SETTLEMENT;-2588.57;2025-06-15T00:45:53.000-03:00;-65.51;-3249.45;-3249.45;-595.37;Mercado Pago;Debit Card;Google *youtube;Suscripción;Youtube;3249.45
available_money;SETTLEMENT;-11500.00;2025-11-12T16:08:27.000-03:00;0.00;-11500.00;-11500.00;0.00;Mercado Pago;Checkouts;KINESIO FEST 2025 - Venti;Consumo Personal;Festival;11500.00
available_money;SETTLEMENT;-7500.00;2025-06-17T13:24:34.000-03:00;0.00;-7500.00;-7500.00;0.00;Mercado Pago;Debit Card;Merpago*naturity;Consumo Personal;Comida;7500.00
available_money;SETTLEMENT;-24630.00;2025-06-22T12:51:21.000-03:00;0.00;-24630.00;-24630.00;0.00;Mercado Pago;Debit Card;Ottavio;Consumo Personal;Comida;24630.00
available_money;SETTLEMENT;-3288.45;2025-06-23T15:10:30.000-03:00;-79.73;-4124.52;-4124.52;-756.34;Mercado Pago;Debit Card;Spotify;Suscripción;Spotify;4124.52
available_money;SETTLEMENT;-8200.00;2025-06-24T13:21:48.000-03:00;0.00;-8200.00;-8200.00;0.00;Mercado Pago;Debit Card;Merpago*naturity;Consumo Personal;Comida;8200.00
available_money;SETTLEMENT;-2337.24;2025-06-25T09:48:19.000-03:00;-59.07;-2933.87;-2933.87;-537.56;Mercado Pago;Debit Card;Google *google one;Suscripción;Google;2933.87
available_money;SETTLEMENT;-39500.00;2025-06-28T23:08:05.000-03:00;0.00;-39500.00;-39500.00;0.00;Mercado Pago;Debit Card;Merpago*fratelliresto;Consumo Personal;Salidas;39500.00
available_money;SETTLEMENT;-36900.00;2025-07-05T14:39:47.000-03:00;0.00;-36900.00;-36900.00;0.00;Mercado Pago;Debit Card;Merpago*ancafeviet;Consumo Personal;Salidas;36900.00
available_money;SETTLEMENT;-14489.25;2025-07-05T20:53:24.000-03:00;0.00;-14489.25;-14489.25;0.00;Mercado Pago;Debit Card;Market martinez;Consumo Personal;Salidas;14489.25
available_money;SETTLEMENT;-39600.00;2025-07-13T23:03:27.000-03:00;0.00;-39600.00;-39600.00;0.00;Mercado Pago;Debit Card;Lo de facu;Consumo Personal;Salidas;39600.00
available_money;SETTLEMENT;-2762.68;2025-07-14T00:45:52.000-03:00;-57.01;-3455.10;-3455.10;-635.41;Mercado Pago;Debit Card;Google *youtube;Suscripción;Youtube;3455.10
available_money;SETTLEMENT;-8200.00;2025-07-15T14:19:05.000-03:00;0.00;-8200.00;-8200.00;0.00;Mercado Pago;Debit Card;Merpago*naturity;Consumo Personal;Comida;8200.00
available_money;SETTLEMENT;-4500.00;2025-07-15T14:23:49.000-03:00;0.00;-4500.00;-4500.00;0.00;Mercado Pago;Debit Card;Compania de golosinas;Consumo Personal;Kiosco;4500.00
available_money;SETTLEMENT;-3292.02;2025-07-23T15:10:27.000-03:00;-82.10;-4131.28;-4131.28;-757.16;Mercado Pago;Debit Card;Spotify;Suscripción;Spotify;4131.28
available_money;SETTLEMENT;-2522.56;2025-07-25T09:48:24.000-03:00;-37.84;-3140.59;-3140.59;-580.19;Mercado Pago;Debit Card;Google *google one;Suscripción;Google;3140.59
available_money;SETTLEMENT;-28352.00;2025-09-16T22:18:20.000-03:00;0.00;-28352.00;-28352.00;0.00;Mercado Libre;Debit Card;Masajeador Electrico;Consumo Personal;Regalo;28352.00
available_money;SETTLEMENT;-55400.00;2025-07-25T22:31:15.000-03:00;0.00;-55400.00;-55400.00;0.00;Mercado Pago;Debit Card;La forchetta;Consumo Personal;Salidas;55400.00
available_money;SETTLEMENT;-4600.00;2025-08-06T13:03:09.000-03:00;0.00;-4600.00;-4600.00;0.00;Mercado Pago;Debit Card;Estacionamiento belgra;Consumo Personal;Estacionamiento;4600.00
available_money;SETTLEMENT;-8200.00;2025-08-07T14:08:49.000-03:00;0.00;-8200.00;-8200.00;0.00;Mercado Pago;Debit Card;Merpago*naturity;Consumo Personal;Comida;8200.00
available_money;SETTLEMENT;-8200.00;2025-08-08T14:18:55.000-03:00;0.00;-8200.00;-8200.00;0.00;Mercado Pago;Debit Card;Merpago*naturity;Consumo Personal;Comida;8200.00
available_money;SETTLEMENT;-21550.00;2025-08-09T18:56:29.000-03:00;0.00;-21550.00;-21550.00;0.00;Mercado Pago;Debit Card;Osterbro srl;Consumo Personal;Salidas;21550.00
available_money;SETTLEMENT;-12000.00;2025-08-10T02:30:10.000-03:00;0.00;-12000.00;-12000.00;0.00;Mercado Pago;Debit Card;Merpago*araozmp;Consumo Personal;Salidas;12000.00
available_money;SETTLEMENT;-8200.00;2025-08-13T13:44:30.000-03:00;0.00;-8200.00;-8200.00;0.00;Mercado Pago;Debit Card;Merpago*naturity;Consumo Personal;Comida;8200.00
available_money;SETTLEMENT;-2875.46;2025-08-14T00:45:59.000-03:00;-62.37;-3599.19;-3599.19;-661.36;Mercado Pago;Debit Card;Google *youtube;Suscripción;Youtube;3599.19
available_money;SETTLEMENT;-3302.49;2025-08-23T15:10:29.000-03:00;-58.96;-4121.02;-4121.02;-759.57;Mercado Pago;Debit Card;Spotify;Suscripción;Spotify;4121.02
available_money;SETTLEMENT;-2628.78;2025-08-25T09:48:19.000-03:00;-46.94;-3280.34;-3280.34;-604.62;Mercado Pago;Debit Card;Google *google one;Suscripción;Google;3280.34
available_money;SETTLEMENT;-8200.00;2025-08-27T13:19:45.000-03:00;0.00;-8200.00;-8200.00;0.00;Mercado Pago;Debit Card;Merpago*naturity;Consumo Personal;Comida;8200.00
available_money;SETTLEMENT;-8200.00;2025-08-29T14:38:28.000-03:00;0.00;-8200.00;-8200.00;0.00;Mercado Pago;Debit Card;Merpago*naturity;Consumo Personal;Comida;8200.00
available_money;SETTLEMENT;-2500.00;2025-08-29T16:04:55.000-03:00;0.00;-2500.00;-2500.00;0.00;Mercado Pago;Debit Card;Merpago*tommysshop;Consumo Personal;Comida;2500.00
available_money;SETTLEMENT;-12299.00;2025-08-30T18:47:21.000-03:00;0.00;-12299.00;-12299.00;0.00;Mercado Pago;Debit Card;Palermo rayo bebidas;Consumo Personal;Salidas;12299.00
available_money;SETTLEMENT;-4600.00;2025-08-30T18:50:09.000-03:00;0.00;-4600.00;-4600.00;0.00;Mercado Pago;Debit Card;Express guemes 4161;Consumo Personal;Salidas;4600.00
available_money;SETTLEMENT;-5489.00;2025-08-31T12:21:36.000-03:00;0.00;-5489.00;-5489.00;0.00;Mercado Pago;Debit Card;Express guemes 4161;Consumo Personal;Salidas;5489.00
available_money;SETTLEMENT;-18750.00;2025-09-04T13:47:51.000-03:00;0.00;-18750.00;-18750.00;0.00;Mercado Pago;Debit Card;Merpago*jpmcorporatec;Consumo Personal;Deporte;18750.00
available_money;SETTLEMENT;-4900.00;2025-09-10T19:34:48.000-03:00;0.00;-4900.00;-4900.00;0.00;Mercado Pago;Debit Card;Estacion 59 sa;Consumo Personal;Kiosco;4900.00
available_money;SETTLEMENT;-8200.00;2025-09-11T13:32:46.000-03:00;0.00;-8200.00;-8200.00;0.00;Mercado Pago;Debit Card;Merpago*naturity;Consumo Personal;Comida;8200.00
available_money;SETTLEMENT;-3182.07;2025-09-14T00:45:52.000-03:00;-72.98;-3986.92;-3986.92;-731.87;Mercado Pago;Debit Card;Google *youtube;Suscripción;Youtube;3986.92
available_money;SETTLEMENT;-19000.00;2025-09-18T20:36:55.000-03:00;0.00;-19000.00;-19000.00;0.00;Mercado Pago;Debit Card;Lucciano s;Consumo Personal;Salidas;19000.00
available_money;SETTLEMENT;-8800.00;2025-09-22T14:08:06.000-03:00;0.00;-8800.00;-8800.00;0.00;Mercado Pago;Debit Card;Merpago*naturity;Consumo Personal;Comida;8800.00
available_money;SETTLEMENT;-4308.48;2025-09-23T15:10:28.000-03:00;-212.47;-5511.90;-5511.90;-990.95;Mercado Pago;Debit Card;Spotify;Suscripción;Spotify;5511.90
available_money;SETTLEMENT;-52500.00;2025-09-24T22:46:02.000-03:00;0.00;-52500.00;-52500.00;0.00;Mercado Pago;Debit Card;Cang tin;Consumo Personal;Salidas;52500.00
available_money;SETTLEMENT;-2661.62;2025-09-25T09:48:20.000-03:00;-160.86;-3434.65;-3434.65;-612.17;Mercado Pago;Debit Card;Google *google one;Suscripción;Google;3434.65
available_money;SETTLEMENT;-5500.00;2025-09-26T10:26:04.000-03:00;0.00;-5500.00;-5500.00;0.00;Mercado Pago;Debit Card;Starbucks-viamonte;Consumo Personal;Kiosco;5500.00
available_money;SETTLEMENT;-8800.00;2025-09-30T13:41:50.000-03:00;0.00;-8800.00;-8800.00;0.00;Mercado Pago;Debit Card;Merpago*naturity;Consumo Personal;Comida;8800.00
available_money;SETTLEMENT;-4500.00;2025-09-30T20:42:10.000-03:00;0.00;-4500.00;-4500.00;0.00;Mercado Pago;Debit Card;Merpago*openfarma;Consumo Personal;Farmacia e Higiene;4500.00
available_money;SETTLEMENT;-16200.00;2025-10-01T09:16:58.000-03:00;0.00;-16200.00;-16200.00;0.00;Mercado Pago;Debit Card;Confiteria delgado;Consumo Personal;Salidas;16200.00
available_money;SETTLEMENT;-8800.00;2025-10-01T13:35:55.000-03:00;0.00;-8800.00;-8800.00;0.00;Mercado Pago;Debit Card;Merpago*naturity;Consumo Personal;Comida;8800.00
available_money;SETTLEMENT;-54539.00;2025-10-01T19:34:35.000-03:00;0.00;-54539.00;-54539.00;0.00;Mercado Pago;Debit Card;Candy;Consumo Personal;Salidas;54539.00
available_money;SETTLEMENT;-13800.00;2025-10-04T13:53:05.000-03:00;0.00;-13800.00;-13800.00;0.00;Mercado Pago;Debit Card;Merpago*labalcania;Consumo Personal;Salidas;13800.00
available_money;SETTLEMENT;-33011.50;2025-10-04T14:03:13.000-03:00;0.00;-33011.50;-33011.50;0.00;Mercado Pago;Debit Card;Dona aurora-dona auror;Consumo Personal;Carniceria;33011.50
available_money;SETTLEMENT;-4390.00;2025-10-04T14:04:49.000-03:00;0.00;-4390.00;-4390.00;0.00;Mercado Pago;Debit Card;Dona aurora-dona auror;Consumo Personal;Carniceria;4390.00
available_money;SETTLEMENT;-10812.40;2025-10-04T14:21:15.000-03:00;0.00;-10812.40;-10812.40;0.00;Mercado Pago;Debit Card;Merpago*lafincademart;Consumo Personal;Salidas;10812.40
available_money;SETTLEMENT;-22000.00;2025-10-10T18:11:51.000-03:00;0.00;-22000.00;-22000.00;0.00;Mercado Pago;Debit Card;Tucano cafe y bistro;Consumo Personal;Salidas;22000.00
available_money;SETTLEMENT;-2954.31;2025-10-14T00:45:51.000-03:00;-213.94;-3847.75;-3847.75;-679.50;Mercado Pago;Debit Card;Google *youtube;Suscripción;Youtube;3847.75
available_money;SETTLEMENT;-8800.00;2025-10-16T13:17:49.000-03:00;0.00;-8800.00;-8800.00;0.00;Mercado Pago;Debit Card;Merpago*naturity;Consumo Personal;Comida;8800.00
available_money;SETTLEMENT;-23000.00;2025-10-18T14:07:47.000-03:00;0.00;-23000.00;-23000.00;0.00;Mercado Pago;Debit Card;Merpago*retrofoodt;Consumo Personal;Comida;23000.00
available_money;SETTLEMENT;-4407.44;2025-10-23T15:10:23.000-03:00;-432.92;-5854.07;-5854.07;-1013.71;Mercado Pago;Debit Card;Spotify;Suscripción;Spotify;5854.07
available_money;SETTLEMENT;-2969.07;2025-10-25T09:48:18.000-03:00;-159.27;-3811.22;-3811.22;-682.88;Mercado Pago;Debit Card;Google *google one;Suscripción;Google;3811.22
available_money;SETTLEMENT;-7200.00;2025-10-25T23:23:13.000-03:00;0.00;-7200.00;-7200.00;0.00;Mercado Pago;Debit Card;Lucciano s;Consumo Personal;Salidas;7200.00
available_money;SETTLEMENT;-9000.00;2025-10-28T13:27:20.000-03:00;0.00;-9000.00;-9000.00;0.00;Mercado Pago;Debit Card;Merpago*julianalvarez;Consumo Personal;Salidas;9000.00
available_money;SETTLEMENT;-10000.00;2025-11-06T11:39:25.000-03:00;0.00;-10000.00;-10000.00;0.00;Mercado Pago;Debit Card;La pianca-la pianca;Consumo Personal;Salidas;10000.00
available_money;SETTLEMENT;-28800.00;2025-11-07T13:12:01.000-03:00;0.00;-28800.00;-28800.00;0.00;Mercado Pago;Debit Card;Merpago*naturity;Consumo Personal;Comida;28800.00
available_money;SETTLEMENT;-43000.00;2025-11-09T22:18:42.000-03:00;0.00;-43000.00;-43000.00;0.00;Mercado Pago;Debit Card;Delicias ol;Consumo Personal;Salidas;43000.00
available_money;SETTLEMENT;-5500.00;2025-11-09T22:45:33.000-03:00;0.00;-5500.00;-5500.00;0.00;Mercado Pago;Debit Card;Delicias ol;Consumo Personal;Salidas;5500.00
available_money;SETTLEMENT;-20000.00;2025-11-10T13:10:26.000-03:00;0.00;-20000.00;-20000.00;0.00;Mercado Pago;Debit Card;La pianca-la pianca;Consumo Personal;Salidas;20000.00
available_money;SETTLEMENT;-51515.00;2025-11-21T16:41:59.000-03:00;0.00;-51515.00;-51515.00;0.00;Mercado Pago;Debit Card;Frigorifico mc tato;Consumo Personal;Carniceria;51515.00
available_money;SETTLEMENT;-11100.00;2025-11-21T16:46:23.000-03:00;0.00;-11100.00;-11100.00;0.00;Mercado Pago;Debit Card;Merpago*verduleriason;Consumo Personal;Verduleria;11100.00
available_money;SETTLEMENT;-3400.00;2025-11-21T19:24:33.000-03:00;0.00;-3400.00;-3400.00;0.00;Mercado Pago;Debit Card;La golotienda;Consumo Personal;Kiosco;3400.00
available_money;SETTLEMENT;-25500.00;2025-11-21T23:26:50.000-03:00;0.00;-25500.00;-25500.00;0.00;Mercado Pago;Debit Card;Merpago*fragment;Consumo Personal;Farmacia e Higiene;25500.00
available_money;SETTLEMENT;-6450.00;2025-11-22T14:36:34.000-03:00;0.00;-6450.00;-6450.00;0.00;Mercado Pago;Debit Card;Merpago*verduleriaalb;Consumo Personal;Verduleria;6450.00
available_money;SETTLEMENT;-6300.00;2025-11-22T14:43:33.000-03:00;0.00;-6300.00;-6300.00;0.00;Mercado Pago;Debit Card;Verduleria concepcion;Consumo Personal;Verduleria;6300.00
available_money;SETTLEMENT;-24000.00;2025-11-22T23:13:09.000-03:00;0.00;-24000.00;-24000.00;0.00;Mercado Pago;Debit Card;Lucciano s;Consumo Personal;Salidas;24000.00
available_money;SETTLEMENT;-4403.24;2025-11-23T15:10:24.000-03:00;-245.67;-5661.65;-5661.65;-1012.74;Mercado Pago;Debit Card;Spotify;Suscripción;Spotify;5661.65
available_money;SETTLEMENT;-2835.75;2025-11-25T09:48:20.000-03:00;-158.22;-3646.20;-3646.20;-652.23;Mercado Pago;Debit Card;Google *google one;Suscripción;Google;3646.20
available_money;SETTLEMENT;-8800.00;2025-11-28T13:26:51.000-03:00;0.00;-8800.00;-8800.00;0.00;Mercado Pago;Debit Card;Merpago*naturity;Consumo Personal;Comida;8800.00
available_money;SETTLEMENT;-17425.00;2025-04-24T16:27:51.000-03:00;0.00;-17425.00;-17425.00;0.00;Mercado Pago;Checkouts;Morfy Mila Fest II - Oferta Especial Evento  + 1 Item adicional;Consumo Personal;Salidas;17425.00
available_money;SETTLEMENT;-2200.00;2025-11-28T17:41:09.000-03:00;0.00;-2200.00;-2200.00;0.00;Mercado Pago;Debit Card;The best 30;Consumo Personal;Comida;2200.00
available_money;SETTLEMENT;-67711.54;2025-05-31T19:44:42.000-03:00;0.00;-67711.54;-67711.54;0.00;Mercado Pago;QR;Orden de Venta;Consumo Personal;Supermercado;67711.54
available_money;SETTLEMENT;-8800.00;2025-12-04T13:09:27.000-03:00;0.00;-8800.00;-8800.00;0.00;Mercado Pago;Debit Card;Merpago*naturity;Consumo Personal;Comida;8800.00
available_money;SETTLEMENT;-8800.00;2025-12-05T13:18:08.000-03:00;0.00;-8800.00;-8800.00;0.00;Mercado Pago;Debit Card;Merpago*naturity;Consumo Personal;Comida;8800.00
available_money;SETTLEMENT;-12700.00;2025-09-29T14:07:28.000-03:00;0.00;-12700.00;-12700.00;0.00;Mercado Pago;Checkouts;Pago de Tasas Municipales - Cuenta 5-kii614;Impuestos;Patente;12700.00
available_money;SETTLEMENT;-13081.00;2025-11-06T17:02:14.000-03:00;0.00;-13081.00;-13081.00;0.00;Mercado Pago;Checkouts;Pago de Tasas Municipales - Cuenta 5-kii614;Impuestos;Patente;13081.00
available_money;SETTLEMENT;-13081.00;2025-12-26T23:45:27.000-03:00;0.00;-13081.00;-13081.00;0.00;Mercado Pago;Checkouts;Pago de Tasas Municipales - Cuenta 5-kii614;Impuestos;Patente;13081.00
available_money;SETTLEMENT;-10350.00;2025-12-08T17:31:32.000-03:00;0.00;-10350.00;-10350.00;0.00;Mercado Pago;Debit Card;Cielito mio;Consumo Personal;Salidas;10350.00
available_money;SETTLEMENT;-1370.00;2025-12-09T09:26:04.000-03:00;0.00;-1370.00;-1370.00;0.00;Mercado Pago;Debit Card;Tutti frutti;Consumo Personal;Kiosco;1370.00
available_money;SETTLEMENT;-8000.00;2025-10-31T23:42:13.000-03:00;0.00;-8000.00;-8000.00;0.00;Mercado Pago;Checkouts;PLATEA CARLOS BIANCHI BAJA;Consumo Personal;Velez Sarsfield;8000.00
available_money;SETTLEMENT;-2200.00;2025-06-06T19:49:15.000-03:00;0.00;-2200.00;-2200.00;0.00;Mercado Pago;QR;Producto de ATUEL Cafe;Consumo Personal;Salidas;2200.00
available_money;SETTLEMENT;-6000.00;2025-10-05T18:47:38.000-03:00;0.00;-6000.00;-6000.00;0.00;Mercado Pago;QR;Producto de CIRCULO POLICIA FEDERAL;Consumo Personal;Estacionamiento;6000.00
available_money;SETTLEMENT;-3500.00;2025-09-06T15:38:36.000-03:00;0.00;-3500.00;-3500.00;0.00;Mercado Pago;QR;Producto de CR HeladerÃ­a;Consumo Personal;Salidas;3500.00
available_money;SETTLEMENT;-10000.00;2025-05-14T13:52:32.000-03:00;0.00;-10000.00;-10000.00;0.00;Mercado Pago;QR;Producto de Pintureria del centro;Consumo Personal;Peluqueria;10000.00
available_money;SETTLEMENT;-11000.00;2025-06-19T13:52:54.000-03:00;0.00;-11000.00;-11000.00;0.00;Mercado Pago;QR;Producto de Pintureria del centro;Consumo Personal;Peluqueria;11000.00
available_money;SETTLEMENT;-21000.00;2025-08-26T13:16:41.000-03:00;0.00;-21000.00;-21000.00;0.00;Mercado Pago;QR;Producto de Pintureria del centro;Consumo Personal;Peluqueria;21000.00
available_money;SETTLEMENT;-13000.00;2025-09-24T13:20:09.000-03:00;0.00;-13000.00;-13000.00;0.00;Mercado Pago;QR;Producto de Pintureria del centro;Consumo Personal;Peluqueria;13000.00
available_money;SETTLEMENT;-300.00;2025-08-07T21:06:44.000-03:00;0.00;-300.00;-300.00;0.00;Mercado Pago;QR;Producto de YPF;Consumo Personal;Auto;300.00
available_money;SETTLEMENT;-7799.00;2025-06-04T21:46:54.000-03:00;0.00;-7799.00;-7799.00;0.00;Delivery;Debit Card;Proximity payment;Consumo Personal;Delivery;7799.00
available_money;SETTLEMENT;-10508.00;2025-09-02T22:19:34.000-03:00;0.00;-10508.00;-10508.00;0.00;Delivery;Debit Card;Proximity payment;Consumo Personal;Delivery;10508.00
available_money;SETTLEMENT;-30997.26;2025-12-09T21:06:01.000-03:00;0.00;-30997.26;-30997.26;0.00;Delivery;Debit Card;Proximity payment;Consumo Personal;Delivery;30997.26
available_money;SETTLEMENT;-35997.00;2026-02-01T22:37:15.000-03:00;0.00;-35997.00;-35997.00;0.00;Delivery;Debit Card;Proximity payment;Consumo Personal;Delivery;35997.00
available_money;SETTLEMENT;-11000.00;2026-02-01T22:39:04.000-03:00;0.00;-11000.00;-11000.00;0.00;Delivery;Debit Card;Proximity payment;Consumo Personal;Delivery;11000.00
available_money;SETTLEMENT;-3900.00;2025-12-10T10:41:36.000-03:00;0.00;-3900.00;-3900.00;0.00;Mercado Pago;Debit Card;1307 global;Consumo Personal;Kiosco;3900.00
available_money;SETTLEMENT;-6400.00;2025-12-10T13:42:07.000-03:00;0.00;-6400.00;-6400.00;0.00;Mercado Pago;Debit Card;1307 global;Consumo Personal;Kiosco;6400.00
available_money;SETTLEMENT;-6500.00;2025-12-11T13:22:35.000-03:00;0.00;-6500.00;-6500.00;0.00;Mercado Pago;Debit Card;1307 global;Consumo Personal;Kiosco;6500.00
available_money;SETTLEMENT;-6456.10;2025-12-12T15:50:30.000-03:00;0.00;-6456.10;-6456.10;0.00;Mercado Pago;Debit Card;Market olivos  av. mai;Consumo Personal;Comida;6456.10
available_money;SETTLEMENT;-5400.00;2025-12-14T17:45:39.000-03:00;0.00;-5400.00;-5400.00;0.00;Mercado Pago;Debit Card;Cielito mio;Consumo Personal;Salidas;5400.00
available_money;SETTLEMENT;-8800.00;2025-12-16T13:39:00.000-03:00;0.00;-8800.00;-8800.00;0.00;Mercado Pago;Debit Card;Merpago*naturity;Consumo Personal;Comida;8800.00
available_money;SETTLEMENT;-2997.50;2025-12-17T10:15:37.000-03:00;0.00;-2997.50;-2997.50;0.00;Mercado Pago;Debit Card;Tutti frutti;Consumo Personal;Kiosco;2997.50
available_money;SETTLEMENT;-5000.00;2025-12-17T23:05:07.000-03:00;0.00;-5000.00;-5000.00;0.00;Mercado Pago;Debit Card;Opessa melo boxes;Consumo Personal;Auto;5000.00
available_money;SETTLEMENT;-17600.00;2025-12-18T13:56:47.000-03:00;0.00;-17600.00;-17600.00;0.00;Mercado Pago;Debit Card;Merpago*naturity;Consumo Personal;Comida;17600.00
available_money;SETTLEMENT;-4399.56;2025-12-23T15:10:22.000-03:00;-346.82;-5758.28;-5758.28;-1011.90;Mercado Pago;Debit Card;Spotify;Suscripción;Spotify;5758.28
available_money;SETTLEMENT;-45050.40;2025-12-26T13:48:32.000-03:00;0.00;-45050.40;-45050.40;0.00;Mercado Pago;Debit Card;Market martinez;Consumo Personal;Salidas;45050.40
available_money;SETTLEMENT;-19000.00;2026-01-13T13:13:18.000-03:00;0.00;-19000.00;-19000.00;0.00;Mercado Pago;Debit Card;Merpago*naturity;Consumo Personal;Comida;19000.00
available_money;SETTLEMENT;-14100.00;2026-01-23T20:54:39.000-03:00;0.00;-14100.00;-14100.00;0.00;Mercado Pago;Debit Card;Merpago*xiufang;Consumo Personal;Comida;14100.00
available_money;SETTLEMENT;-19200.00;2026-01-27T21:54:04.000-03:00;0.00;-19200.00;-19200.00;0.00;Mercado Pago;Debit Card;Merpago*elefantebar;Consumo Personal;Salidas;19200.00
available_money;SETTLEMENT;-149800.00;2026-01-29T12:45:49.000-03:00;0.00;-149800.00;-149800.00;0.00;Mercado Pago;Debit Card;Guerrin;Consumo Personal;Salidas;149800.00
available_money;SETTLEMENT;-2000.00;2025-04-01T08:04:18.000-03:00;0.00;-2000.00;-2000.00;0.00;Mercado Pago;Wallet;SUBE;Transporte;Subte;2000.00
available_money;SETTLEMENT;-2000.00;2025-04-04T08:20:33.000-03:00;0.00;-2000.00;-2000.00;0.00;Mercado Pago;Wallet;SUBE;Transporte;Subte;2000.00
available_money;SETTLEMENT;-2000.00;2025-04-11T08:22:07.000-03:00;0.00;-2000.00;-2000.00;0.00;Mercado Pago;Wallet;SUBE;Transporte;Subte;2000.00
available_money;SETTLEMENT;-2000.00;2025-04-15T08:17:06.000-03:00;0.00;-2000.00;-2000.00;0.00;Mercado Pago;Wallet;SUBE;Transporte;Subte;2000.00
available_money;SETTLEMENT;-2000.00;2025-04-22T08:29:40.000-03:00;0.00;-2000.00;-2000.00;0.00;Mercado Pago;Wallet;SUBE;Transporte;Subte;2000.00
available_money;SETTLEMENT;-2000.00;2025-04-30T18:43:58.000-03:00;0.00;-2000.00;-2000.00;0.00;Mercado Pago;Wallet;SUBE;Transporte;Subte;2000.00
available_money;SETTLEMENT;-2000.00;2025-05-08T08:31:48.000-03:00;0.00;-2000.00;-2000.00;0.00;Mercado Pago;Wallet;SUBE;Transporte;Subte;2000.00
available_money;SETTLEMENT;-2000.00;2025-05-13T06:38:55.000-03:00;0.00;-2000.00;-2000.00;0.00;Mercado Pago;Wallet;SUBE;Transporte;Subte;2000.00
available_money;SETTLEMENT;-2000.00;2025-05-21T12:16:49.000-03:00;0.00;-2000.00;-2000.00;0.00;Mercado Pago;Wallet;SUBE;Transporte;Subte;2000.00
available_money;SETTLEMENT;-2000.00;2025-05-28T08:15:57.000-03:00;0.00;-2000.00;-2000.00;0.00;Mercado Pago;Wallet;SUBE;Transporte;Subte;2000.00
available_money;SETTLEMENT;-2000.00;2025-06-03T08:49:56.000-03:00;0.00;-2000.00;-2000.00;0.00;Mercado Pago;Wallet;SUBE;Transporte;Subte;2000.00
available_money;SETTLEMENT;-2000.00;2025-06-06T06:35:19.000-03:00;0.00;-2000.00;-2000.00;0.00;Mercado Pago;Wallet;SUBE;Transporte;Subte;2000.00
available_money;SETTLEMENT;-2000.00;2025-06-09T08:45:19.000-03:00;0.00;-2000.00;-2000.00;0.00;Mercado Pago;Wallet;SUBE;Transporte;Subte;2000.00
available_money;SETTLEMENT;-2000.00;2025-06-14T16:46:30.000-03:00;0.00;-2000.00;-2000.00;0.00;Mercado Pago;Wallet;SUBE;Transporte;Subte;2000.00
available_money;SETTLEMENT;-2000.00;2025-06-24T08:16:41.000-03:00;0.00;-2000.00;-2000.00;0.00;Mercado Pago;Wallet;SUBE;Transporte;Subte;2000.00
available_money;SETTLEMENT;-2000.00;2025-06-28T01:39:07.000-03:00;0.00;-2000.00;-2000.00;0.00;Mercado Pago;Wallet;SUBE;Transporte;Subte;2000.00
available_money;SETTLEMENT;-3000.00;2025-07-02T00:53:47.000-03:00;0.00;-3000.00;-3000.00;0.00;Mercado Pago;Wallet;SUBE;Transporte;Subte;3000.00
available_money;SETTLEMENT;-2000.00;2025-07-05T07:55:30.000-03:00;0.00;-2000.00;-2000.00;0.00;Mercado Pago;Wallet;SUBE;Transporte;Subte;2000.00
available_money;SETTLEMENT;-5000.00;2025-07-17T08:17:07.000-03:00;0.00;-5000.00;-5000.00;0.00;Mercado Pago;Wallet;SUBE;Transporte;Subte;5000.00
available_money;SETTLEMENT;-2000.00;2025-07-22T08:15:42.000-03:00;0.00;-2000.00;-2000.00;0.00;Mercado Pago;Wallet;SUBE;Transporte;Subte;2000.00
available_money;SETTLEMENT;-2000.00;2025-07-29T07:06:49.000-03:00;0.00;-2000.00;-2000.00;0.00;Mercado Pago;Wallet;SUBE;Transporte;Subte;2000.00
available_money;SETTLEMENT;-2000.00;2025-08-01T08:29:48.000-03:00;0.00;-2000.00;-2000.00;0.00;Mercado Pago;Wallet;SUBE;Transporte;Subte;2000.00
available_money;SETTLEMENT;-2000.00;2025-08-05T18:45:25.000-03:00;0.00;-2000.00;-2000.00;0.00;Mercado Pago;Wallet;SUBE;Transporte;Subte;2000.00
available_money;SETTLEMENT;-2000.00;2025-08-08T08:24:45.000-03:00;0.00;-2000.00;-2000.00;0.00;Mercado Pago;Wallet;SUBE;Transporte;Subte;2000.00
available_money;SETTLEMENT;-2000.00;2025-08-10T01:18:52.000-03:00;0.00;-2000.00;-2000.00;0.00;Mercado Pago;Wallet;SUBE;Transporte;Subte;2000.00
available_money;SETTLEMENT;-2000.00;2025-08-13T08:47:06.000-03:00;0.00;-2000.00;-2000.00;0.00;Mercado Pago;Wallet;SUBE;Transporte;Subte;2000.00
available_money;SETTLEMENT;-2000.00;2025-08-18T08:32:48.000-03:00;0.00;-2000.00;-2000.00;0.00;Mercado Pago;Wallet;SUBE;Transporte;Subte;2000.00
available_money;SETTLEMENT;-2000.00;2025-08-20T08:32:36.000-03:00;0.00;-2000.00;-2000.00;0.00;Mercado Pago;Wallet;SUBE;Transporte;Subte;2000.00
available_money;SETTLEMENT;-2000.00;2025-08-27T08:34:48.000-03:00;0.00;-2000.00;-2000.00;0.00;Mercado Pago;Wallet;SUBE;Transporte;Subte;2000.00
available_money;SETTLEMENT;-2000.00;2025-08-28T21:08:40.000-03:00;0.00;-2000.00;-2000.00;0.00;Mercado Pago;Wallet;SUBE;Transporte;Subte;2000.00
available_money;SETTLEMENT;-2000.00;2025-08-30T18:15:36.000-03:00;0.00;-2000.00;-2000.00;0.00;Mercado Pago;Wallet;SUBE;Transporte;Subte;2000.00
available_money;SETTLEMENT;-2000.00;2025-09-02T18:16:08.000-03:00;0.00;-2000.00;-2000.00;0.00;Mercado Pago;Wallet;SUBE;Transporte;Subte;2000.00
available_money;SETTLEMENT;-2000.00;2025-09-05T13:17:33.000-03:00;0.00;-2000.00;-2000.00;0.00;Mercado Pago;Wallet;SUBE;Transporte;Subte;2000.00
available_money;SETTLEMENT;-2000.00;2025-09-09T07:26:10.000-03:00;0.00;-2000.00;-2000.00;0.00;Mercado Pago;Wallet;SUBE;Transporte;Subte;2000.00
available_money;SETTLEMENT;-2000.00;2025-09-12T16:40:07.000-03:00;0.00;-2000.00;-2000.00;0.00;Mercado Pago;Wallet;SUBE;Transporte;Subte;2000.00
available_money;SETTLEMENT;-2000.00;2025-09-15T13:46:03.000-03:00;0.00;-2000.00;-2000.00;0.00;Mercado Pago;Wallet;SUBE;Transporte;Subte;2000.00
available_money;SETTLEMENT;-2000.00;2025-09-19T22:12:12.000-03:00;0.00;-2000.00;-2000.00;0.00;Mercado Pago;Wallet;SUBE;Transporte;Subte;2000.00
available_money;SETTLEMENT;-2000.00;2025-09-25T08:16:23.000-03:00;0.00;-2000.00;-2000.00;0.00;Mercado Pago;Wallet;SUBE;Transporte;Subte;2000.00
available_money;SETTLEMENT;-2000.00;2025-09-27T08:07:43.000-03:00;0.00;-2000.00;-2000.00;0.00;Mercado Pago;Wallet;SUBE;Transporte;Subte;2000.00
available_money;SETTLEMENT;-2000.00;2025-09-30T08:47:17.000-03:00;0.00;-2000.00;-2000.00;0.00;Mercado Pago;Wallet;SUBE;Transporte;Subte;2000.00
available_money;SETTLEMENT;-2000.00;2025-10-03T08:44:32.000-03:00;0.00;-2000.00;-2000.00;0.00;Mercado Pago;Wallet;SUBE;Transporte;Subte;2000.00
available_money;SETTLEMENT;-2000.00;2025-10-09T08:34:04.000-03:00;0.00;-2000.00;-2000.00;0.00;Mercado Pago;Wallet;SUBE;Transporte;Subte;2000.00
available_money;SETTLEMENT;-2000.00;2025-10-14T08:33:32.000-03:00;0.00;-2000.00;-2000.00;0.00;Mercado Pago;Wallet;SUBE;Transporte;Subte;2000.00
available_money;SETTLEMENT;-2000.00;2025-11-21T20:32:06.000-03:00;0.00;-2000.00;-2000.00;0.00;Mercado Pago;Wallet;SUBE;Transporte;Subte;2000.00
available_money;SETTLEMENT;-111.20;2025-10-03T21:58:26.000-03:00;0.00;-111.20;-111.20;0.00;Mercado Pago;Wallet;Sube viajes;Transporte;Colectivo;111.20
available_money;SETTLEMENT;-111.20;2025-10-07T09:07:53.000-03:00;0.00;-111.20;-111.20;0.00;Mercado Pago;Wallet;Sube viajes;Transporte;Colectivo;111.20
available_money;SETTLEMENT;-111.20;2025-10-07T18:24:40.000-03:00;0.00;-111.20;-111.20;0.00;Mercado Pago;Wallet;Sube viajes;Transporte;Colectivo;111.20
available_money;SETTLEMENT;-111.20;2025-10-09T09:09:41.000-03:00;0.00;-111.20;-111.20;0.00;Mercado Pago;Wallet;Sube viajes;Transporte;Colectivo;111.20
available_money;SETTLEMENT;-111.20;2025-10-09T17:16:06.000-03:00;0.00;-111.20;-111.20;0.00;Mercado Pago;Wallet;Sube viajes;Transporte;Colectivo;111.20
available_money;SETTLEMENT;-111.20;2025-10-14T09:06:18.000-03:00;0.00;-111.20;-111.20;0.00;Mercado Pago;Wallet;Sube viajes;Transporte;Colectivo;111.20
available_money;SETTLEMENT;-111.20;2025-10-14T18:15:29.000-03:00;0.00;-111.20;-111.20;0.00;Mercado Pago;Wallet;Sube viajes;Transporte;Colectivo;111.20
available_money;SETTLEMENT;-111.20;2025-10-16T18:16:40.000-03:00;0.00;-111.20;-111.20;0.00;Mercado Pago;Wallet;Sube viajes;Transporte;Colectivo;111.20
available_money;SETTLEMENT;-541.13;2025-10-21T08:22:45.000-03:00;0.00;-541.13;-541.13;0.00;Mercado Pago;Mobile NFC;Sube viajes;Transporte;Colectivo;541.13
available_money;SETTLEMENT;-50.24;2025-10-22T08:58:53.000-03:00;0.00;-50.24;-50.24;0.00;Mercado Pago;Wallet;Sube viajes;Transporte;Colectivo;50.24
available_money;SETTLEMENT;-45.10;2025-10-22T18:47:40.000-03:00;0.00;-45.10;-45.10;0.00;Mercado Pago;Wallet;Sube viajes;Transporte;Colectivo;45.10
available_money;SETTLEMENT;-54.11;2025-10-24T15:55:38.000-03:00;0.00;-54.11;-54.11;0.00;Mercado Pago;Wallet;Sube viajes;Transporte;Colectivo;54.11
available_money;SETTLEMENT;-57.99;2025-10-24T21:54:33.000-03:00;0.00;-57.99;-57.99;0.00;Mercado Pago;Wallet;Sube viajes;Transporte;Colectivo;57.99
available_money;SETTLEMENT;-541.13;2025-10-28T08:30:52.000-03:00;0.00;-541.13;-541.13;0.00;Mercado Pago;Mobile NFC;Sube viajes;Transporte;Colectivo;541.13
available_money;SETTLEMENT;-541.13;2025-10-30T08:36:20.000-03:00;0.00;-541.13;-541.13;0.00;Mercado Pago;Mobile NFC;Sube viajes;Transporte;Colectivo;541.13
available_money;SETTLEMENT;-451.01;2025-10-30T18:57:54.000-03:00;0.00;-451.01;-451.01;0.00;Mercado Pago;Mobile NFC;Sube viajes;Transporte;Colectivo;451.01
available_money;SETTLEMENT;-992.14;2025-11-04T08:41:03.000-03:00;0.00;-992.14;-992.14;0.00;Mercado Pago;Mobile NFC;Sube viajes;Transporte;Colectivo;992.14
available_money;SETTLEMENT;-1082.26;2025-11-07T08:36:48.000-03:00;0.00;-1082.26;-1082.26;0.00;Mercado Pago;Mobile NFC;Sube viajes;Transporte;Colectivo;1082.26
available_money;SETTLEMENT;-1082.26;2025-11-08T08:10:42.000-03:00;0.00;-1082.26;-1082.26;0.00;Mercado Pago;Mobile NFC;Sube viajes;Transporte;Colectivo;1082.26
available_money;SETTLEMENT;-992.14;2025-11-11T08:41:28.000-03:00;0.00;-992.14;-992.14;0.00;Mercado Pago;Mobile NFC;Sube viajes;Transporte;Colectivo;992.14
available_money;SETTLEMENT;-541.13;2025-11-13T08:47:41.000-03:00;0.00;-541.13;-541.13;0.00;Mercado Pago;Mobile NFC;Sube viajes;Transporte;Colectivo;541.13
available_money;SETTLEMENT;-502.43;2025-11-13T22:34:25.000-03:00;0.00;-502.43;-502.43;0.00;Mercado Pago;Mobile NFC;Sube viajes;Transporte;Colectivo;502.43
available_money;SETTLEMENT;-541.13;2025-11-14T13:24:00.000-03:00;0.00;-541.13;-541.13;0.00;Mercado Pago;Mobile NFC;Sube viajes;Transporte;Colectivo;541.13
available_money;SETTLEMENT;-502.43;2025-11-14T21:57:27.000-03:00;0.00;-502.43;-502.43;0.00;Mercado Pago;Mobile NFC;Sube viajes;Transporte;Colectivo;502.43
available_money;SETTLEMENT;-541.13;2025-11-15T08:41:50.000-03:00;0.00;-541.13;-541.13;0.00;Mercado Pago;Mobile NFC;Sube viajes;Transporte;Colectivo;541.13
available_money;SETTLEMENT;-541.13;2025-11-15T13:52:04.000-03:00;0.00;-541.13;-541.13;0.00;Mercado Pago;Mobile NFC;Sube viajes;Transporte;Colectivo;541.13
available_money;SETTLEMENT;-551.24;2025-11-18T08:58:52.000-03:00;0.00;-551.24;-551.24;0.00;Mercado Pago;Mobile NFC;Sube viajes;Transporte;Colectivo;551.24
available_money;SETTLEMENT;-494.83;2025-11-18T18:32:04.000-03:00;0.00;-494.83;-494.83;0.00;Mercado Pago;Mobile NFC;Sube viajes;Transporte;Colectivo;494.83
available_money;SETTLEMENT;-494.83;2025-11-19T08:59:31.000-03:00;0.00;-494.83;-494.83;0.00;Mercado Pago;Mobile NFC;Sube viajes;Transporte;Colectivo;494.83
available_money;SETTLEMENT;-494.83;2025-11-19T18:42:27.000-03:00;0.00;-494.83;-494.83;0.00;Mercado Pago;Mobile NFC;Sube viajes;Transporte;Colectivo;494.83
available_money;SETTLEMENT;-638.42;2025-11-21T20:39:51.000-03:00;0.00;-638.42;-638.42;0.00;Mercado Pago;Mobile NFC;Sube viajes;Transporte;Colectivo;638.42
available_money;SETTLEMENT;-593.70;2025-11-22T05:23:59.000-03:00;0.00;-593.70;-593.70;0.00;Mercado Pago;Mobile NFC;Sube viajes;Transporte;Colectivo;593.70
available_money;SETTLEMENT;-638.42;2025-11-22T05:42:07.000-03:00;0.00;-638.42;-638.42;0.00;Mercado Pago;Mobile NFC;Sube viajes;Transporte;Colectivo;638.42
available_money;SETTLEMENT;-593.70;2025-11-25T08:44:24.000-03:00;0.00;-593.70;-593.70;0.00;Mercado Pago;Mobile NFC;Sube viajes;Transporte;Colectivo;593.70
available_money;SETTLEMENT;-494.83;2025-11-25T18:43:49.000-03:00;0.00;-494.83;-494.83;0.00;Mercado Pago;Mobile NFC;Sube viajes;Transporte;Colectivo;494.83
available_money;SETTLEMENT;-593.70;2025-11-28T08:34:57.000-03:00;0.00;-593.70;-593.70;0.00;Mercado Pago;Mobile NFC;Sube viajes;Transporte;Colectivo;593.70
available_money;SETTLEMENT;-551.24;2025-11-28T22:12:03.000-03:00;0.00;-551.24;-551.24;0.00;Mercado Pago;Mobile NFC;Sube viajes;Transporte;Colectivo;551.24
available_money;SETTLEMENT;-494.83;2025-11-29T08:36:43.000-03:00;0.00;-494.83;-494.83;0.00;Mercado Pago;Mobile NFC;Sube viajes;Transporte;Colectivo;494.83
available_money;SETTLEMENT;-551.24;2025-11-29T14:00:20.000-03:00;0.00;-551.24;-551.24;0.00;Mercado Pago;Mobile NFC;Sube viajes;Transporte;Colectivo;551.24
available_money;SETTLEMENT;-551.24;2025-12-02T09:18:53.000-03:00;0.00;-551.24;-551.24;0.00;Mercado Pago;Wallet;Sube viajes;Transporte;Colectivo;551.24
available_money;SETTLEMENT;-494.83;2025-12-02T20:09:07.000-03:00;0.00;-494.83;-494.83;0.00;Mercado Pago;Wallet;Sube viajes;Transporte;Colectivo;494.83
available_money;SETTLEMENT;-593.70;2025-12-04T09:07:24.000-03:00;0.00;-593.70;-593.70;0.00;Mercado Pago;Wallet;Sube viajes;Transporte;Colectivo;593.70
available_money;SETTLEMENT;-494.83;2025-12-04T19:02:13.000-03:00;0.00;-494.83;-494.83;0.00;Mercado Pago;Wallet;Sube viajes;Transporte;Colectivo;494.83
available_money;SETTLEMENT;-593.70;2025-12-05T09:03:43.000-03:00;0.00;-593.70;-593.70;0.00;Mercado Pago;Wallet;Sube viajes;Transporte;Colectivo;593.70
available_money;SETTLEMENT;-593.70;2025-12-06T09:15:51.000-03:00;0.00;-593.70;-593.70;0.00;Mercado Pago;Wallet;Sube viajes;Transporte;Colectivo;593.70
available_money;SETTLEMENT;-593.70;2025-12-06T16:35:06.000-03:00;0.00;-593.70;-593.70;0.00;Mercado Pago;Wallet;Sube viajes;Transporte;Colectivo;593.70
available_money;SETTLEMENT;-593.70;2025-12-07T03:28:47.000-03:00;0.00;-593.70;-593.70;0.00;Mercado Pago;Wallet;Sube viajes;Transporte;Colectivo;593.70
available_money;SETTLEMENT;-551.24;2025-12-10T08:09:45.000-03:00;0.00;-551.24;-551.24;0.00;Mercado Pago;Wallet;Sube viajes;Transporte;Colectivo;551.24
available_money;SETTLEMENT;-494.83;2025-12-10T21:43:19.000-03:00;0.00;-494.83;-494.83;0.00;Mercado Pago;Wallet;Sube viajes;Transporte;Colectivo;494.83
available_money;SETTLEMENT;-593.70;2025-12-11T08:37:03.000-03:00;0.00;-593.70;-593.70;0.00;Mercado Pago;Mobile NFC;Sube viajes;Transporte;Colectivo;593.70
available_money;SETTLEMENT;-494.83;2025-12-11T23:38:40.000-03:00;0.00;-494.83;-494.83;0.00;Mercado Pago;Wallet;Sube viajes;Transporte;Colectivo;494.83
available_money;SETTLEMENT;-593.70;2025-12-12T16:30:17.000-03:00;0.00;-593.70;-593.70;0.00;Mercado Pago;Wallet;Sube viajes;Transporte;Colectivo;593.70
available_money;SETTLEMENT;-551.24;2025-12-16T08:56:58.000-03:00;0.00;-551.24;-551.24;0.00;Mercado Pago;Wallet;Sube viajes;Transporte;Colectivo;551.24
available_money;SETTLEMENT;-494.83;2025-12-16T18:32:33.000-03:00;0.00;-494.83;-494.83;0.00;Mercado Pago;Wallet;Sube viajes;Transporte;Colectivo;494.83
available_money;SETTLEMENT;-593.70;2025-12-17T13:39:56.000-03:00;0.00;-593.70;-593.70;0.00;Mercado Pago;Mobile NFC;Sube viajes;Transporte;Colectivo;593.70
available_money;SETTLEMENT;-593.70;2025-12-17T20:23:48.000-03:00;0.00;-593.70;-593.70;0.00;Mercado Pago;Wallet;Sube viajes;Transporte;Colectivo;593.70
available_money;SETTLEMENT;-551.24;2025-12-18T09:13:47.000-03:00;0.00;-551.24;-551.24;0.00;Mercado Pago;Wallet;Sube viajes;Transporte;Colectivo;551.24
available_money;SETTLEMENT;-593.70;2025-12-18T18:51:16.000-03:00;0.00;-593.70;-593.70;0.00;Mercado Pago;Wallet;Sube viajes;Transporte;Colectivo;593.70
available_money;SETTLEMENT;-551.24;2025-12-23T09:01:39.000-03:00;0.00;-551.24;-551.24;0.00;Mercado Pago;Wallet;Sube viajes;Transporte;Colectivo;551.24
available_money;SETTLEMENT;-494.83;2025-12-23T18:48:00.000-03:00;0.00;-494.83;-494.83;0.00;Mercado Pago;Wallet;Sube viajes;Transporte;Colectivo;494.83
available_money;SETTLEMENT;-3490.96;2026-02-18T11:08:57.000-03:00;0.00;-3490.96;-3490.96;0.00;Mercado Pago;;Sube viajes;;;3490.96
available_money;SETTLEMENT;-3490.96;2026-02-18T14:29:41.000-03:00;0.00;-3490.96;-3490.96;0.00;Mercado Pago;;Sube viajes;;;3490.96
available_money;SETTLEMENT;-62651.60;2026-02-07T09:55:33.000-03:00;0.00;-62651.60;-62651.60;0.00;Mercado Pago;Debit Card;Superm la anonima 9;Consumo Personal;Viaje;62651.60
available_money;SETTLEMENT;-18400.00;2026-02-09T22:32:39.000-03:00;0.00;-18400.00;-18400.00;0.00;Mercado Pago;Debit Card;Merpago*farmaciafarma;Consumo Personal;Farmacia e Higiene;18400.00
available_money;SETTLEMENT;-34180.64;2026-02-11T19:01:18.000-03:00;0.00;-34180.64;-34180.64;0.00;Mercado Pago;Debit Card;Sup la anonima 212;Consumo Personal;Viaje;34180.64
available_money;SETTLEMENT;-3490.00;2026-01-30T09:26:45.000-03:00;0.00;-3490.00;-3490.00;0.00;Mercado Pago;Checkouts;SuscripciÃ³n mensual Meli+ Esencial;Suscripcion;Mercado Libre;3490.00
available_money;SETTLEMENT;-28500.00;2026-02-11T19:11:01.000-03:00;0.00;-28500.00;-28500.00;0.00;Mercado Pago;Debit Card;Chichilo;Consumo Personal;Viaje;28500.00
available_money;SETTLEMENT;-11000.00;2025-03-01T02:30:15.000-03:00;0.00;-11000.00;-11000.00;0.00;Mercado Pago;Wallet;Transfer;Consumo Personal;Deporte;11000.00
available_money;SETTLEMENT;-10000.00;2025-03-11T08:08:45.000-03:00;0.00;-10000.00;-10000.00;0.00;Mercado Pago;Wallet;Transfer;Consumo Personal;Deporte;10000.00
available_money;SETTLEMENT;-16100.00;2026-02-13T20:04:27.000-03:00;0.00;-16100.00;-16100.00;0.00;Mercado Pago;Debit Card;Merpago*autoservicio;Consumo Personal;Viaje;16100.00
available_money;SETTLEMENT;-2925.50;2026-02-18T10:41:05.000-03:00;0.00;-2925.50;-2925.50;0.00;Mercado Pago;Debit Card;Superm la anonima 8;Consumo Personal;Viaje;2925.50
available_money;SETTLEMENT;-10000.00;2026-02-22T16:32:34.000-03:00;0.00;-10000.00;-10000.00;0.00;Mercado Pago;Debit Card;Cerveza patagonia;Consumo Personal;Salidas;10000.00
available_money;SETTLEMENT;-53998.50;2025-10-27T16:13:58.000-03:00;0.00;-53998.50;-53998.50;0.00;Mercado Pago;Checkouts;UA DAGGER;Consumo Personal;Indumentaria;53998.50
available_money;SETTLEMENT;-8500.00;2026-02-22T17:24:31.000-03:00;0.00;-8500.00;-8500.00;0.00;Mercado Pago;Debit Card;Cerveza patagonia;Consumo Personal;Salidas;8500.00
available_money;SETTLEMENT;-4375.68;2026-02-23T15:10:24.000-03:00;-300.30;-5682.38;-5682.38;-1006.40;Mercado Pago;Debit Card;Spotify;Suscripción;Spotify;5682.38
available_money;SETTLEMENT;-4300.00;2026-02-25T17:29:58.000-03:00;0.00;-4300.00;-4300.00;0.00;Mercado Pago;Debit Card;Pvs*super hipolito yri;Consumo Personal;Salidas;4300.00
available_money;SETTLEMENT;-45098.00;2025-09-18T10:21:13.000-03:00;0.00;-45098.00;-45098.00;0.00;Mercado Libre;Debit Card;Xiaomi Smart Band 9;Consumo Personal;Regalo;45098.00
available_money;SETTLEMENT;-51817.00;2025-09-18T10:21:50.000-03:00;0.00;-51817.00;-51817.00;0.00;Mercado Libre;Debit Card;Yogurtera;Consumo Personal;Regalo;51817.00
available_money;SETTLEMENT;-65380.00;2026-01-30T09:30:14.000-03:00;0.00;-65380.00;-65380.00;0.00;Mercado Libre;Debit Card;Aislante Termico;Consumo Personal;Viaje;65380.00
